kernel,count,mean_%,median_%,max_%
naive_transpose,6,36.788167870980004,36.454164413548654,70.5864739981833
