kernel,count,mean_%,median_%,max_%
shared_transpose,6,5.464539039572169,6.096622360669695,8.535016239283276
